{
  "display": {
    "icon": {
      "id": "minecraft:rabbit_foot",
      "components": {
        "minecraft:custom_model_data": {
          "strings": [
            "jbt:hardhat"
          ]
        }
      }
    },
    "title": {
      "translate": "jbt:adv_hardhat_title",
      "fallback": "OSHA Compliant"
    },
    "description": {
      "translate": "jbt:adv_hardhat_desc",
      "fallback": "Craft a Hardhat"
    },
    "show_toast": true,
    "announce_to_chat": true,
    "hidden": false
  },
  "parent": "jbt:visible/root",
  "criteria": {
    "": {
      "trigger": "minecraft:recipe_crafted",
      "conditions": {
        "recipe_id": "jbt:hardhat"
      }
    }
  }
}