{
  "type": "minecraft:crafting_shaped",
  "category": "equipment",
  "pattern": [
    "s  ",
    " dd"
  ],
  "key": {
    "s": "minecraft:stick",
    "d": "minecraft:diamond"
  },
  "result": {
    "id": "minecraft:warped_fungus_on_a_stick",
    "count": 1,
    "components": {
      "minecraft:custom_name": "[\"\",{\"translate\":\"jbt:diamond_trowel\",\"fallback\":\"Diamond Trowel\",\"italic\":false}]",
      "minecraft:custom_model_data": {"strings":["jbt:diamond_trowel"]},
      "minecraft:max_damage": 4500,
      "minecraft:custom_data": {"jbt_trowel":true,"jbt_trowel_diamond":true}
    }
  }
}